molecule,basis_window,bond_angstrom,reference,cash_continuous_shots,adapt_continuous_shots,reported_adapt_cash_ratio,cash_full_cnot,cash_floor_shots,reported_floor_ratio,source
N2,STO-3G,1.8,HF,1100000,2400000,2.1,342,,,https://arxiv.org/html/2609.08170v1#S8
N2,STO-3G,1.8,"CAS(4,4)",160000,2400000,15,333,,,https://arxiv.org/html/2609.08170v1#S8
N2,STO-3G,1.8,"CAS(6,6)",850,2400000,2800,328,,,https://arxiv.org/html/2609.08170v1#S8
N2,STO-3G,3.0,HF,2300000,770000,0.33,338,,,https://arxiv.org/html/2609.08170v1#S8
N2,STO-3G,3.0,"CAS(4,4)",810000,770000,0.94,328,,,https://arxiv.org/html/2609.08170v1#S8
N2,STO-3G,3.0,"CAS(6,6)",classical stop,,,,,,https://arxiv.org/html/2609.08170v1#S8
H2O,restricted cc-pVDZ 14 spatial orbitals,0.96,"CAS(4,4)",21000,,,383,51800,560,https://arxiv.org/html/2609.08170v1#A3
H2O,restricted cc-pVDZ 14 spatial orbitals,1.75,"CAS(4,4)",12000,,,375,32800,630,https://arxiv.org/html/2609.08170v1#A3
H2O,restricted cc-pVDZ 14 spatial orbitals,3.0,"CAS(4,4)",510,,,350,941,4400,https://arxiv.org/html/2609.08170v1#A3
